benchmark,reference_id,reference_file,independent_reference_review,raw_evidence_coverage,raw_source_paths_and_locators,consolidation_evidence_coverage,consolidation_source_paths_and_locators,reviewer,rationale
mobilitydcat,Req-1,mobilitydcat/reference-requirements/consolidated-requirements.json,pending,unassessed,,unassessed,,,
mobilitydcat,Req-2,mobilitydcat/reference-requirements/consolidated-requirements.json,pending,unassessed,,unassessed,,,
mobilitydcat,Req-3,mobilitydcat/reference-requirements/consolidated-requirements.json,pending,unassessed,,unassessed,,,
mobilitydcat,Req-4,mobilitydcat/reference-requirements/consolidated-requirements.json,pending,unassessed,,unassessed,,,
mobilitydcat,Req-5,mobilitydcat/reference-requirements/consolidated-requirements.json,pending,unassessed,,unassessed,,,
mobilitydcat,Req-6,mobilitydcat/reference-requirements/consolidated-requirements.json,pending,unassessed,,unassessed,,,
mobilitydcat,Req-7,mobilitydcat/reference-requirements/consolidated-requirements.json,pending,unassessed,,unassessed,,,
mobilitydcat,Req-8,mobilitydcat/reference-requirements/consolidated-requirements.json,pending,unassessed,,unassessed,,,
mobilitydcat,Req-9,mobilitydcat/reference-requirements/consolidated-requirements.json,pending,unassessed,,unassessed,,,
mobilitydcat,Req-10,mobilitydcat/reference-requirements/consolidated-requirements.json,pending,unassessed,,unassessed,,,
mobilitydcat,Req-11,mobilitydcat/reference-requirements/consolidated-requirements.json,pending,unassessed,,unassessed,,,
mobilitydcat,Req-12,mobilitydcat/reference-requirements/consolidated-requirements.json,pending,unassessed,,unassessed,,,
mobilitydcat,Req-13,mobilitydcat/reference-requirements/consolidated-requirements.json,pending,unassessed,,unassessed,,,
mobilitydcat,Req-14,mobilitydcat/reference-requirements/consolidated-requirements.json,pending,unassessed,,unassessed,,,
mobilitydcat,Req-15,mobilitydcat/reference-requirements/consolidated-requirements.json,pending,unassessed,,unassessed,,,
mobilitydcat,Req-16,mobilitydcat/reference-requirements/consolidated-requirements.json,pending,unassessed,,unassessed,,,
mobilitydcat,Req-17,mobilitydcat/reference-requirements/consolidated-requirements.json,pending,unassessed,,unassessed,,,
mobilitydcat,Req-18,mobilitydcat/reference-requirements/consolidated-requirements.json,pending,unassessed,,unassessed,,,
mobilitydcat,Req-19,mobilitydcat/reference-requirements/consolidated-requirements.json,pending,unassessed,,unassessed,,,
mobilitydcat,Req-20,mobilitydcat/reference-requirements/consolidated-requirements.json,pending,unassessed,,unassessed,,,
mobilitydcat,Req-21,mobilitydcat/reference-requirements/consolidated-requirements.json,pending,unassessed,,unassessed,,,
mobilitydcat,Req-22,mobilitydcat/reference-requirements/consolidated-requirements.json,pending,unassessed,,unassessed,,,
mobilitydcat,Req-23,mobilitydcat/reference-requirements/consolidated-requirements.json,pending,unassessed,,unassessed,,,
mobilitydcat,Req-24,mobilitydcat/reference-requirements/consolidated-requirements.json,pending,unassessed,,unassessed,,,
mobilitydcat,Req-25,mobilitydcat/reference-requirements/consolidated-requirements.json,pending,unassessed,,unassessed,,,
mobilitydcat,Req-26,mobilitydcat/reference-requirements/consolidated-requirements.json,pending,unassessed,,unassessed,,,
mobilitydcat,Req-27,mobilitydcat/reference-requirements/consolidated-requirements.json,pending,unassessed,,unassessed,,,
mobilitydcat,Req-28,mobilitydcat/reference-requirements/consolidated-requirements.json,pending,unassessed,,unassessed,,,
mobilitydcat,Req-29,mobilitydcat/reference-requirements/consolidated-requirements.json,pending,unassessed,,unassessed,,,
mobilitydcat,Req-30,mobilitydcat/reference-requirements/consolidated-requirements.json,pending,unassessed,,unassessed,,,
mobilitydcat,Req-31,mobilitydcat/reference-requirements/consolidated-requirements.json,pending,unassessed,,unassessed,,,
mobilitydcat,Req-32,mobilitydcat/reference-requirements/consolidated-requirements.json,pending,unassessed,,unassessed,,,
mobilitydcat,Req-33,mobilitydcat/reference-requirements/consolidated-requirements.json,pending,unassessed,,unassessed,,,
mobilitydcat,Req-34,mobilitydcat/reference-requirements/consolidated-requirements.json,pending,unassessed,,unassessed,,,
mobilitydcat,Req-35,mobilitydcat/reference-requirements/consolidated-requirements.json,pending,unassessed,,unassessed,,,
mobilitydcat,Req-36,mobilitydcat/reference-requirements/consolidated-requirements.json,pending,unassessed,,unassessed,,,
mobilitydcat,Req-37,mobilitydcat/reference-requirements/consolidated-requirements.json,pending,unassessed,,unassessed,,,
mobilitydcat,Req-38,mobilitydcat/reference-requirements/consolidated-requirements.json,pending,unassessed,,unassessed,,,
mobilitydcat,Req-39,mobilitydcat/reference-requirements/consolidated-requirements.json,pending,unassessed,,unassessed,,,
mobilitydcat,Req-40,mobilitydcat/reference-requirements/consolidated-requirements.json,pending,unassessed,,unassessed,,,
healthdcat,H-1,healthdcat/reference-requirements/curated-requirements.json,pending,unassessed,,unassessed,,,
healthdcat,H-2,healthdcat/reference-requirements/curated-requirements.json,pending,unassessed,,unassessed,,,
healthdcat,H-3,healthdcat/reference-requirements/curated-requirements.json,pending,unassessed,,unassessed,,,
healthdcat,H-4,healthdcat/reference-requirements/curated-requirements.json,pending,unassessed,,unassessed,,,
healthdcat,H-5,healthdcat/reference-requirements/curated-requirements.json,pending,unassessed,,unassessed,,,
healthdcat,H-6,healthdcat/reference-requirements/curated-requirements.json,pending,unassessed,,unassessed,,,
healthdcat,H-7,healthdcat/reference-requirements/curated-requirements.json,pending,unassessed,,unassessed,,,
healthdcat,H-8,healthdcat/reference-requirements/curated-requirements.json,pending,unassessed,,unassessed,,,
healthdcat,H-9,healthdcat/reference-requirements/curated-requirements.json,pending,unassessed,,unassessed,,,
healthdcat,H-10,healthdcat/reference-requirements/curated-requirements.json,pending,unassessed,,unassessed,,,
healthdcat,H-11,healthdcat/reference-requirements/curated-requirements.json,pending,unassessed,,unassessed,,,
healthdcat,H-12,healthdcat/reference-requirements/curated-requirements.json,pending,unassessed,,unassessed,,,
healthdcat,H-13,healthdcat/reference-requirements/curated-requirements.json,pending,unassessed,,unassessed,,,
healthdcat,H-14,healthdcat/reference-requirements/curated-requirements.json,pending,unassessed,,unassessed,,,
healthdcat,H-15,healthdcat/reference-requirements/curated-requirements.json,pending,unassessed,,unassessed,,,
healthdcat,H-16,healthdcat/reference-requirements/curated-requirements.json,pending,unassessed,,unassessed,,,
statdcat,S-1,statdcat/reference-requirements/requirements-and-resolutions.json,pending,unassessed,,not_applicable,,,
statdcat,S-2,statdcat/reference-requirements/requirements-and-resolutions.json,pending,unassessed,,not_applicable,,,
statdcat,S-3,statdcat/reference-requirements/requirements-and-resolutions.json,pending,unassessed,,not_applicable,,,
statdcat,S-4,statdcat/reference-requirements/requirements-and-resolutions.json,pending,unassessed,,not_applicable,,,
statdcat,S-5,statdcat/reference-requirements/requirements-and-resolutions.json,pending,unassessed,,not_applicable,,,
statdcat,S-6,statdcat/reference-requirements/requirements-and-resolutions.json,pending,unassessed,,not_applicable,,,
statdcat,S-7,statdcat/reference-requirements/requirements-and-resolutions.json,pending,unassessed,,not_applicable,,,
geodcat,G-1,geodcat/reference-requirements/alignment-requirements.json,pending,unassessed,,not_applicable,,,
geodcat,G-2,geodcat/reference-requirements/alignment-requirements.json,pending,unassessed,,not_applicable,,,
geodcat,G-3,geodcat/reference-requirements/alignment-requirements.json,pending,unassessed,,not_applicable,,,
geodcat,G-4,geodcat/reference-requirements/alignment-requirements.json,pending,unassessed,,not_applicable,,,
geodcat,G-5,geodcat/reference-requirements/alignment-requirements.json,pending,unassessed,,not_applicable,,,
geodcat,G-6,geodcat/reference-requirements/alignment-requirements.json,pending,unassessed,,not_applicable,,,
geodcat,G-7,geodcat/reference-requirements/alignment-requirements.json,pending,unassessed,,not_applicable,,,
jrc-research,JRC-1,jrc-research/reference-requirements/core-requirements.json,pending,unassessed,,not_applicable,,,
jrc-research,JRC-2,jrc-research/reference-requirements/core-requirements.json,pending,unassessed,,not_applicable,,,
jrc-research,JRC-3,jrc-research/reference-requirements/core-requirements.json,pending,unassessed,,not_applicable,,,
jrc-research,JRC-4,jrc-research/reference-requirements/core-requirements.json,pending,unassessed,,not_applicable,,,
jrc-research,JRC-5,jrc-research/reference-requirements/core-requirements.json,pending,unassessed,,not_applicable,,,
